?match	?score	?gene	?genename	?taxon	?taxonname
<http://purl.org/phenoscape/uuid/b1ebb22c-3c8d-4dd4-8ba3-ccaaabe39742>	"0.2403294258323937"^^<http://www.w3.org/2001/XMLSchema#double>	<http://www.informatics.jax.org/marker/MGI:1336991>	"Trp73"^^<http://www.w3.org/2001/XMLSchema#string>	<http://purl.obolibrary.org/obo/VTO_0000007>	"Vertebrata"^^<http://www.w3.org/2001/XMLSchema#string>
<http://purl.org/phenoscape/uuid/a5b881f4-2418-48d9-9c40-13d14df0f156>	"0.26763896100146445"^^<http://www.w3.org/2001/XMLSchema#double>	<http://www.informatics.jax.org/marker/MGI:1336991>	"Trp73"^^<http://www.w3.org/2001/XMLSchema#string>	<http://purl.obolibrary.org/obo/VTO_0000008>	"Gnathostomata"^^<http://www.w3.org/2001/XMLSchema#string>
<http://purl.org/phenoscape/uuid/af31b5b3-63eb-4c53-a1e6-febd3d9ea9e5>	"0.4355696053521025"^^<http://www.w3.org/2001/XMLSchema#double>	<http://www.informatics.jax.org/marker/MGI:1336991>	"Trp73"^^<http://www.w3.org/2001/XMLSchema#string>	<http://purl.obolibrary.org/obo/VTO_0000009>	"Chondrichthyes"^^<http://www.w3.org/2001/XMLSchema#string>
<http://purl.org/phenoscape/uuid/b7135519-8c05-4d88-8ddd-675a9bb59671>	"0.13913321833371048"^^<http://www.w3.org/2001/XMLSchema#double>	<http://www.informatics.jax.org/marker/MGI:1336991>	"Trp73"^^<http://www.w3.org/2001/XMLSchema#string>	<http://purl.obolibrary.org/obo/VTO_0000061>	"Elasmobranchii"^^<http://www.w3.org/2001/XMLSchema#string>
<http://purl.org/phenoscape/uuid/a6850ba5-f5b8-40f1-9bcd-cf201bdd7b36>	"0.07519540146398669"^^<http://www.w3.org/2001/XMLSchema#double>	<http://www.informatics.jax.org/marker/MGI:1336991>	"Trp73"^^<http://www.w3.org/2001/XMLSchema#string>	<http://purl.obolibrary.org/obo/VTO_0002413>	"Rhinophrynidae"^^<http://www.w3.org/2001/XMLSchema#string>
<http://purl.org/phenoscape/uuid/bd9a4d37-e24e-49c2-8f85-b12e2a62da47>	"0.09315132586350311"^^<http://www.w3.org/2001/XMLSchema#double>	<http://www.informatics.jax.org/marker/MGI:1336991>	"Trp73"^^<http://www.w3.org/2001/XMLSchema#string>	<http://purl.obolibrary.org/obo/VTO_0002644>	"Scaphiopus"^^<http://www.w3.org/2001/XMLSchema#string>
<http://purl.org/phenoscape/uuid/bbc0138e-3d22-4055-8417-b84cd8ca7150>	"0.12124088411148491"^^<http://www.w3.org/2001/XMLSchema#double>	<http://www.informatics.jax.org/marker/MGI:1336991>	"Trp73"^^<http://www.w3.org/2001/XMLSchema#string>	<http://purl.obolibrary.org/obo/VTO_0002674>	"Ceratobatrachidae"^^<http://www.w3.org/2001/XMLSchema#string>
<http://purl.org/phenoscape/uuid/a5df50e4-124e-41d5-a2f3-58e5bd33722f>	"0.13408715748853178"^^<http://www.w3.org/2001/XMLSchema#double>	<http://www.informatics.jax.org/marker/MGI:1336991>	"Trp73"^^<http://www.w3.org/2001/XMLSchema#string>	<http://purl.obolibrary.org/obo/VTO_0003069>	"Dicroglossinae"^^<http://www.w3.org/2001/XMLSchema#string>
<http://purl.org/phenoscape/uuid/abd35cb5-a892-41bc-91ea-8d77704f836a>	"0.11251083385556307"^^<http://www.w3.org/2001/XMLSchema#double>	<http://www.informatics.jax.org/marker/MGI:1336991>	"Trp73"^^<http://www.w3.org/2001/XMLSchema#string>	<http://purl.obolibrary.org/obo/VTO_0003566>	"Rhacophorinae"^^<http://www.w3.org/2001/XMLSchema#string>
<http://purl.org/phenoscape/uuid/ab6680a0-21c1-44f5-a4af-c5e948a39a8b>	"0.07500496128175987"^^<http://www.w3.org/2001/XMLSchema#double>	<http://www.informatics.jax.org/marker/MGI:1336991>	"Trp73"^^<http://www.w3.org/2001/XMLSchema#string>	<http://purl.obolibrary.org/obo/VTO_0004518>	"Limnodynastinae"^^<http://www.w3.org/2001/XMLSchema#string>
<http://purl.org/phenoscape/uuid/a53f8f90-2e48-46d5-b462-e10a29181ccd>	"0.05044256294810142"^^<http://www.w3.org/2001/XMLSchema#double>	<http://www.informatics.jax.org/marker/MGI:1336991>	"Trp73"^^<http://www.w3.org/2001/XMLSchema#string>	<http://purl.obolibrary.org/obo/VTO_0004569>	"Telmatobufo"^^<http://www.w3.org/2001/XMLSchema#string>
<http://purl.org/phenoscape/uuid/b7f3ce94-38ee-4149-8b60-b8162765efed>	"0.049957568600141"^^<http://www.w3.org/2001/XMLSchema#double>	<http://www.informatics.jax.org/marker/MGI:1336991>	"Trp73"^^<http://www.w3.org/2001/XMLSchema#string>	<http://purl.obolibrary.org/obo/VTO_0004653>	"Cardioglossa"^^<http://www.w3.org/2001/XMLSchema#string>
<http://purl.org/phenoscape/uuid/afaa23fb-868b-48ef-9a81-cf8c5abe72d6>	"0.10378078359964121"^^<http://www.w3.org/2001/XMLSchema#double>	<http://www.informatics.jax.org/marker/MGI:1336991>	"Trp73"^^<http://www.w3.org/2001/XMLSchema#string>	<http://purl.obolibrary.org/obo/VTO_0004670>	"Hyperolius"^^<http://www.w3.org/2001/XMLSchema#string>
<http://purl.org/phenoscape/uuid/a7408091-71c1-4340-87bb-5fdba1af76fd>	"0.0957407318406704"^^<http://www.w3.org/2001/XMLSchema#double>	<http://www.informatics.jax.org/marker/MGI:1336991>	"Trp73"^^<http://www.w3.org/2001/XMLSchema#string>	<http://purl.obolibrary.org/obo/VTO_0007160>	"Incilius"^^<http://www.w3.org/2001/XMLSchema#string>
<http://purl.org/phenoscape/uuid/ae821140-8f8f-4178-bcd0-6764cea9e5b5>	"0.20265174293449573"^^<http://www.w3.org/2001/XMLSchema#double>	<http://www.informatics.jax.org/marker/MGI:1336991>	"Trp73"^^<http://www.w3.org/2001/XMLSchema#string>	<http://purl.obolibrary.org/obo/VTO_0008278>	"Laurasiatheria"^^<http://www.w3.org/2001/XMLSchema#string>
<http://purl.org/phenoscape/uuid/b1f191e5-53e0-4ac0-b145-527cd306f396>	"0.13187034184762306"^^<http://www.w3.org/2001/XMLSchema#double>	<http://www.informatics.jax.org/marker/MGI:1336991>	"Trp73"^^<http://www.w3.org/2001/XMLSchema#string>	<http://purl.obolibrary.org/obo/VTO_0011806>	"Simiiformes"^^<http://www.w3.org/2001/XMLSchema#string>
<http://purl.org/phenoscape/uuid/b0eac414-3cf0-4d6c-ba45-b8d107360eb6>	"0.24383806802537547"^^<http://www.w3.org/2001/XMLSchema#double>	<http://www.informatics.jax.org/marker/MGI:1336991>	"Trp73"^^<http://www.w3.org/2001/XMLSchema#string>	<http://purl.obolibrary.org/obo/VTO_0022375>	"Dinosauria"^^<http://www.w3.org/2001/XMLSchema#string>
<http://purl.org/phenoscape/uuid/a4a9ea3d-f302-41db-8e00-8f1dd9ef468b>	"0.15626300784181163"^^<http://www.w3.org/2001/XMLSchema#double>	<http://www.informatics.jax.org/marker/MGI:1336991>	"Trp73"^^<http://www.w3.org/2001/XMLSchema#string>	<http://purl.obolibrary.org/obo/VTO_0022382>	"Theropoda"^^<http://www.w3.org/2001/XMLSchema#string>
<http://purl.org/phenoscape/uuid/a39b2a42-3c23-4873-89c3-ac459e55e904>	"0.26500509710581943"^^<http://www.w3.org/2001/XMLSchema#double>	<http://www.informatics.jax.org/marker/MGI:1336991>	"Trp73"^^<http://www.w3.org/2001/XMLSchema#string>	<http://purl.obolibrary.org/obo/VTO_0034543>	"Clupeomorpha"^^<http://www.w3.org/2001/XMLSchema#string>
<http://purl.org/phenoscape/uuid/a9cf5cab-44a6-4417-88d6-22a5b94d14fd>	"0.019673527963909747"^^<http://www.w3.org/2001/XMLSchema#double>	<http://www.informatics.jax.org/marker/MGI:1336991>	"Trp73"^^<http://www.w3.org/2001/XMLSchema#string>	<http://purl.obolibrary.org/obo/VTO_0034612>	"Harengula"^^<http://www.w3.org/2001/XMLSchema#string>
<http://purl.org/phenoscape/uuid/beb45d4b-6312-4da1-9b64-4e2ea5a9064e>	"0.22906186354323055"^^<http://www.w3.org/2001/XMLSchema#double>	<http://www.informatics.jax.org/marker/MGI:1336991>	"Trp73"^^<http://www.w3.org/2001/XMLSchema#string>	<http://purl.obolibrary.org/obo/VTO_0034961>	"Gonorynchidae"^^<http://www.w3.org/2001/XMLSchema#string>
<http://purl.org/phenoscape/uuid/a664fcdc-242a-4d57-b233-42e5cba50ec5>	"0.058260635870357055"^^<http://www.w3.org/2001/XMLSchema#double>	<http://www.informatics.jax.org/marker/MGI:1336991>	"Trp73"^^<http://www.w3.org/2001/XMLSchema#string>	<http://purl.obolibrary.org/obo/VTO_0035036>	"Trachelyopterus"^^<http://www.w3.org/2001/XMLSchema#string>
<http://purl.org/phenoscape/uuid/bf76c273-6448-46e9-9599-ae5862b42140>	"0.050767254383249145"^^<http://www.w3.org/2001/XMLSchema#double>	<http://www.informatics.jax.org/marker/MGI:1336991>	"Trp73"^^<http://www.w3.org/2001/XMLSchema#string>	<http://purl.obolibrary.org/obo/VTO_0035063>	"Microglanis"^^<http://www.w3.org/2001/XMLSchema#string>
<http://purl.org/phenoscape/uuid/b62365c6-033f-4657-92fb-f79b98f657eb>	"0.24689938533755706"^^<http://www.w3.org/2001/XMLSchema#double>	<http://www.informatics.jax.org/marker/MGI:1336991>	"Trp73"^^<http://www.w3.org/2001/XMLSchema#string>	<http://purl.obolibrary.org/obo/VTO_0035073>	"Bagridae"^^<http://www.w3.org/2001/XMLSchema#string>
<http://purl.org/phenoscape/uuid/a44cf7f0-3886-42be-80a1-f535ebfa52c1>	"0.11721551978245823"^^<http://www.w3.org/2001/XMLSchema#double>	<http://www.informatics.jax.org/marker/MGI:1336991>	"Trp73"^^<http://www.w3.org/2001/XMLSchema#string>	<http://purl.obolibrary.org/obo/VTO_0035094>	"Pseudobagrus"^^<http://www.w3.org/2001/XMLSchema#string>
<http://purl.org/phenoscape/uuid/bdca573f-c510-43e7-837e-ef6516cdcfe2>	"0.2703186403854734"^^<http://www.w3.org/2001/XMLSchema#double>	<http://www.informatics.jax.org/marker/MGI:1336991>	"Trp73"^^<http://www.w3.org/2001/XMLSchema#string>	<http://purl.obolibrary.org/obo/VTO_0035614>	"Heptapteridae"^^<http://www.w3.org/2001/XMLSchema#string>
<http://purl.org/phenoscape/uuid/b1977c79-2931-4e7a-9dfa-dc907a37a83e>	"0.10342067084942883"^^<http://www.w3.org/2001/XMLSchema#double>	<http://www.informatics.jax.org/marker/MGI:1336991>	"Trp73"^^<http://www.w3.org/2001/XMLSchema#string>	<http://purl.obolibrary.org/obo/VTO_0035656>	"Brachyrhamdia"^^<http://www.w3.org/2001/XMLSchema#string>
<http://purl.org/phenoscape/uuid/a89bff64-2a2d-48f1-b236-4188660d03e2>	"0.1426964378095029"^^<http://www.w3.org/2001/XMLSchema#double>	<http://www.informatics.jax.org/marker/MGI:1336991>	"Trp73"^^<http://www.w3.org/2001/XMLSchema#string>	<http://purl.obolibrary.org/obo/VTO_0035746>	"Cochlefelis"^^<http://www.w3.org/2001/XMLSchema#string>
<http://purl.org/phenoscape/uuid/b02ec097-3cb6-496f-a666-353c4387a112>	"0.1575576879728802"^^<http://www.w3.org/2001/XMLSchema#double>	<http://www.informatics.jax.org/marker/MGI:1336991>	"Trp73"^^<http://www.w3.org/2001/XMLSchema#string>	<http://purl.obolibrary.org/obo/VTO_0036114>	"Pseudolaguvia"^^<http://www.w3.org/2001/XMLSchema#string>
<http://purl.org/phenoscape/uuid/b9926def-274c-4f36-9750-b6779997ada7>	"0.1426964378095029"^^<http://www.w3.org/2001/XMLSchema#double>	<http://www.informatics.jax.org/marker/MGI:1336991>	"Trp73"^^<http://www.w3.org/2001/XMLSchema#string>	<http://purl.obolibrary.org/obo/VTO_0036137>	"Kryptopterus"^^<http://www.w3.org/2001/XMLSchema#string>
<http://purl.org/phenoscape/uuid/c0689dcc-3d75-4ed5-8475-423eea1b30b2>	"0.14447756780828078"^^<http://www.w3.org/2001/XMLSchema#double>	<http://www.informatics.jax.org/marker/MGI:1336991>	"Trp73"^^<http://www.w3.org/2001/XMLSchema#string>	<http://purl.obolibrary.org/obo/VTO_0036204>	"Neotropius"^^<http://www.w3.org/2001/XMLSchema#string>
<http://purl.org/phenoscape/uuid/9f0346ac-3313-498c-b3c6-4cbf8da74272>	"0.0935798825486077"^^<http://www.w3.org/2001/XMLSchema#double>	<http://www.informatics.jax.org/marker/MGI:1336991>	"Trp73"^^<http://www.w3.org/2001/XMLSchema#string>	<http://purl.obolibrary.org/obo/VTO_0036333>	"Rhamdia"^^<http://www.w3.org/2001/XMLSchema#string>
<http://purl.org/phenoscape/uuid/be32f84a-fe32-4a45-aab8-8ad0003fc614>	"0.2663332854304996"^^<http://www.w3.org/2001/XMLSchema#double>	<http://www.informatics.jax.org/marker/MGI:1336991>	"Trp73"^^<http://www.w3.org/2001/XMLSchema#string>	<http://purl.obolibrary.org/obo/VTO_0036719>	"Mochokidae"^^<http://www.w3.org/2001/XMLSchema#string>
<http://purl.org/phenoscape/uuid/abaa3e47-e265-47b9-b5f8-f172cd6d2b03>	"0.10378078359964121"^^<http://www.w3.org/2001/XMLSchema#double>	<http://www.informatics.jax.org/marker/MGI:1336991>	"Trp73"^^<http://www.w3.org/2001/XMLSchema#string>	<http://purl.obolibrary.org/obo/VTO_0037153>	"Isbrueckerichthys"^^<http://www.w3.org/2001/XMLSchema#string>
<http://purl.org/phenoscape/uuid/a34db2e0-33fc-486e-96fd-4441ea0747b2>	"0.1477977364593705"^^<http://www.w3.org/2001/XMLSchema#double>	<http://www.informatics.jax.org/marker/MGI:1336991>	"Trp73"^^<http://www.w3.org/2001/XMLSchema#string>	<http://purl.obolibrary.org/obo/VTO_0037181>	"Pareiorhaphis"^^<http://www.w3.org/2001/XMLSchema#string>
<http://purl.org/phenoscape/uuid/b6889d89-29f4-49d4-9957-e1697a7d4e8d>	"0.12914343828975064"^^<http://www.w3.org/2001/XMLSchema#double>	<http://www.informatics.jax.org/marker/MGI:1336991>	"Trp73"^^<http://www.w3.org/2001/XMLSchema#string>	<http://purl.obolibrary.org/obo/VTO_0037349>	"Lithoxus"^^<http://www.w3.org/2001/XMLSchema#string>
<http://purl.org/phenoscape/uuid/b4cdc4ee-5b51-4f10-93b7-a3c35f145ae7>	"0.1352733389390769"^^<http://www.w3.org/2001/XMLSchema#double>	<http://www.informatics.jax.org/marker/MGI:1336991>	"Trp73"^^<http://www.w3.org/2001/XMLSchema#string>	<http://purl.obolibrary.org/obo/VTO_0037995>	"Brycon"^^<http://www.w3.org/2001/XMLSchema#string>
<http://purl.org/phenoscape/uuid/a3ed1b6f-cbbb-48ce-bc69-312784110f72>	"0.2082908218163931"^^<http://www.w3.org/2001/XMLSchema#double>	<http://www.informatics.jax.org/marker/MGI:1336991>	"Trp73"^^<http://www.w3.org/2001/XMLSchema#string>	<http://purl.obolibrary.org/obo/VTO_0038354>	"Creagrutus"^^<http://www.w3.org/2001/XMLSchema#string>
<http://purl.org/phenoscape/uuid/b47b3769-9beb-4ef3-81e8-58e1b8e37f1f>	"0.18066577557551053"^^<http://www.w3.org/2001/XMLSchema#double>	<http://www.informatics.jax.org/marker/MGI:1336991>	"Trp73"^^<http://www.w3.org/2001/XMLSchema#string>	<http://purl.obolibrary.org/obo/VTO_0038613>	"Acestrorhynchus"^^<http://www.w3.org/2001/XMLSchema#string>
<http://purl.org/phenoscape/uuid/acb6b869-a583-4e2a-bf70-fe0ce587ff04>	"0.26241550823947113"^^<http://www.w3.org/2001/XMLSchema#double>	<http://www.informatics.jax.org/marker/MGI:1336991>	"Trp73"^^<http://www.w3.org/2001/XMLSchema#string>	<http://purl.obolibrary.org/obo/VTO_0038631>	"Anostomidae"^^<http://www.w3.org/2001/XMLSchema#string>
<http://purl.org/phenoscape/uuid/c120f276-e76c-4a4a-944c-ef97489f53f7>	"0.08522737511149917"^^<http://www.w3.org/2001/XMLSchema#double>	<http://www.informatics.jax.org/marker/MGI:1336991>	"Trp73"^^<http://www.w3.org/2001/XMLSchema#string>	<http://purl.obolibrary.org/obo/VTO_0064656>	"Prochilodontidae"^^<http://www.w3.org/2001/XMLSchema#string>
<http://purl.org/phenoscape/uuid/a6c8fa5c-c0c1-43fa-ad98-c6e5082bbb1b>	"0.18936591590503174"^^<http://www.w3.org/2001/XMLSchema#double>	<http://www.informatics.jax.org/marker/MGI:1336991>	"Trp73"^^<http://www.w3.org/2001/XMLSchema#string>	<http://purl.obolibrary.org/obo/VTO_0039423>	"Devario"^^<http://www.w3.org/2001/XMLSchema#string>
<http://purl.org/phenoscape/uuid/ace8d383-5d60-4cfe-b66f-3747048d6653>	"0.19655555657421891"^^<http://www.w3.org/2001/XMLSchema#double>	<http://www.informatics.jax.org/marker/MGI:1336991>	"Trp73"^^<http://www.w3.org/2001/XMLSchema#string>	<http://purl.obolibrary.org/obo/VTO_0039793>	"Danio"^^<http://www.w3.org/2001/XMLSchema#string>
<http://purl.org/phenoscape/uuid/b3f3add2-bb8f-4af7-bec8-8c095fc2a6ea>	"0.2867412633640005"^^<http://www.w3.org/2001/XMLSchema#double>	<http://www.informatics.jax.org/marker/MGI:1336991>	"Trp73"^^<http://www.w3.org/2001/XMLSchema#string>	<http://purl.obolibrary.org/obo/VTO_0040252>	"Cyprinella"^^<http://www.w3.org/2001/XMLSchema#string>
<http://purl.org/phenoscape/uuid/9fc88f42-ad6a-4d03-a836-bcccfae4f0b1>	"0.1008565516525065"^^<http://www.w3.org/2001/XMLSchema#double>	<http://www.informatics.jax.org/marker/MGI:1336991>	"Trp73"^^<http://www.w3.org/2001/XMLSchema#string>	<http://purl.obolibrary.org/obo/VTO_0040541>	"Barbus"^^<http://www.w3.org/2001/XMLSchema#string>
<http://purl.org/phenoscape/uuid/9e60a7e2-2972-4e2e-810f-cb34b60cceb5>	"0.2663107726767843"^^<http://www.w3.org/2001/XMLSchema#double>	<http://www.informatics.jax.org/marker/MGI:1336991>	"Trp73"^^<http://www.w3.org/2001/XMLSchema#string>	<http://purl.obolibrary.org/obo/VTO_0043570>	"Channichthyidae"^^<http://www.w3.org/2001/XMLSchema#string>
<http://purl.org/phenoscape/uuid/b6238bf5-4e65-47b1-a715-f1ee6d86d44c>	"0.19655555657421891"^^<http://www.w3.org/2001/XMLSchema#double>	<http://www.informatics.jax.org/marker/MGI:1336991>	"Trp73"^^<http://www.w3.org/2001/XMLSchema#string>	<http://purl.obolibrary.org/obo/VTO_0047262>	"Nandopsis"^^<http://www.w3.org/2001/XMLSchema#string>
<http://purl.org/phenoscape/uuid/a02bfb54-f583-4c82-ba7c-141a4d508c20>	"0.2425541547299921"^^<http://www.w3.org/2001/XMLSchema#double>	<http://www.informatics.jax.org/marker/MGI:1336991>	"Trp73"^^<http://www.w3.org/2001/XMLSchema#string>	<http://purl.obolibrary.org/obo/VTO_0047365>	"Cichlasoma"^^<http://www.w3.org/2001/XMLSchema#string>
<http://purl.org/phenoscape/uuid/9db1e086-58c7-46d7-a169-f3b0714aa49e>	"0.08082402204690345"^^<http://www.w3.org/2001/XMLSchema#double>	<http://www.informatics.jax.org/marker/MGI:1336991>	"Trp73"^^<http://www.w3.org/2001/XMLSchema#string>	<http://purl.obolibrary.org/obo/VTO_0052508>	"Cyclopteridae"^^<http://www.w3.org/2001/XMLSchema#string>
<http://purl.org/phenoscape/uuid/a36480e2-f5bd-4a58-92d5-048476324acb>	"0.4278646984478378"^^<http://www.w3.org/2001/XMLSchema#double>	<http://www.informatics.jax.org/marker/MGI:1336991>	"Trp73"^^<http://www.w3.org/2001/XMLSchema#string>	<http://purl.obolibrary.org/obo/VTO_0052519>	"Liparidae"^^<http://www.w3.org/2001/XMLSchema#string>
<http://purl.org/phenoscape/uuid/b554eb33-16a7-47d4-bcaf-a4753e74b264>	"0.1093302522060427"^^<http://www.w3.org/2001/XMLSchema#double>	<http://www.informatics.jax.org/marker/MGI:1336991>	"Trp73"^^<http://www.w3.org/2001/XMLSchema#string>	<http://purl.obolibrary.org/obo/VTO_0052524>	"Elassodiscus"^^<http://www.w3.org/2001/XMLSchema#string>
<http://purl.org/phenoscape/uuid/b6db428f-5eb3-4898-a458-8cd70329fcac>	"0.10796382866720962"^^<http://www.w3.org/2001/XMLSchema#double>	<http://www.informatics.jax.org/marker/MGI:1336991>	"Trp73"^^<http://www.w3.org/2001/XMLSchema#string>	<http://purl.obolibrary.org/obo/VTO_0053270>	"Sebastidae"^^<http://www.w3.org/2001/XMLSchema#string>
<http://purl.org/phenoscape/uuid/ae80d5e9-dc81-4237-97ff-53e476ba6aeb>	"0.14393785706473694"^^<http://www.w3.org/2001/XMLSchema#double>	<http://www.informatics.jax.org/marker/MGI:1336991>	"Trp73"^^<http://www.w3.org/2001/XMLSchema#string>	<http://purl.obolibrary.org/obo/VTO_0053574>	"Congiopodus"^^<http://www.w3.org/2001/XMLSchema#string>
<http://purl.org/phenoscape/uuid/bd185b37-2793-4aeb-b5de-7c737985964b>	"0.07830827001578011"^^<http://www.w3.org/2001/XMLSchema#double>	<http://www.informatics.jax.org/marker/MGI:1336991>	"Trp73"^^<http://www.w3.org/2001/XMLSchema#string>	<http://purl.obolibrary.org/obo/VTO_0055028>	"Beloniformes"^^<http://www.w3.org/2001/XMLSchema#string>
<http://purl.org/phenoscape/uuid/b46b73e0-4e5b-41ca-a25e-748022538e94>	"0.18217627523584456"^^<http://www.w3.org/2001/XMLSchema#double>	<http://www.informatics.jax.org/marker/MGI:1336991>	"Trp73"^^<http://www.w3.org/2001/XMLSchema#string>	<http://purl.obolibrary.org/obo/VTO_0055605>	"Citharidae"^^<http://www.w3.org/2001/XMLSchema#string>
<http://purl.org/phenoscape/uuid/ad2f2149-d8cd-4f8f-98d0-d1517dd2d964>	"0.2663332854304996"^^<http://www.w3.org/2001/XMLSchema#double>	<http://www.informatics.jax.org/marker/MGI:1336991>	"Trp73"^^<http://www.w3.org/2001/XMLSchema#string>	<http://purl.obolibrary.org/obo/VTO_0056166>	"Beryciformes"^^<http://www.w3.org/2001/XMLSchema#string>
<http://purl.org/phenoscape/uuid/be18433b-46f2-4bd3-83b3-ed11eecf4202>	"0.12278929944608932"^^<http://www.w3.org/2001/XMLSchema#double>	<http://www.informatics.jax.org/marker/MGI:1336991>	"Trp73"^^<http://www.w3.org/2001/XMLSchema#string>	<http://purl.obolibrary.org/obo/VTO_0056195>	"Sargocentron"^^<http://www.w3.org/2001/XMLSchema#string>
<http://purl.org/phenoscape/uuid/bd5ddc0f-aae7-46b2-8e9b-841e7a422ad0>	"0.09336918056643939"^^<http://www.w3.org/2001/XMLSchema#double>	<http://www.informatics.jax.org/marker/MGI:1336991>	"Trp73"^^<http://www.w3.org/2001/XMLSchema#string>	<http://purl.obolibrary.org/obo/VTO_0056350>	"Zenopsis"^^<http://www.w3.org/2001/XMLSchema#string>
<http://purl.org/phenoscape/uuid/a59d0d90-25cf-4a54-ad2c-7e76f257359d>	"0.05068706626789257"^^<http://www.w3.org/2001/XMLSchema#double>	<http://www.informatics.jax.org/marker/MGI:1336991>	"Trp73"^^<http://www.w3.org/2001/XMLSchema#string>	<http://purl.obolibrary.org/obo/VTO_0056375>	"Lophiiformes"^^<http://www.w3.org/2001/XMLSchema#string>
<http://purl.org/phenoscape/uuid/a299eeb3-b005-4cf6-8d42-7d4ec1886959>	"0.14749265481515592"^^<http://www.w3.org/2001/XMLSchema#double>	<http://www.informatics.jax.org/marker/MGI:1336991>	"Trp73"^^<http://www.w3.org/2001/XMLSchema#string>	<http://purl.obolibrary.org/obo/VTO_0057499>	"Paralepididae"^^<http://www.w3.org/2001/XMLSchema#string>
<http://purl.org/phenoscape/uuid/bbe86f89-2ab7-45dc-8309-c14b4f3ea750>	"0.06940194276193591"^^<http://www.w3.org/2001/XMLSchema#double>	<http://www.informatics.jax.org/marker/MGI:1336991>	"Trp73"^^<http://www.w3.org/2001/XMLSchema#string>	<http://purl.obolibrary.org/obo/VTO_0057690>	"Chlorophthalmidae"^^<http://www.w3.org/2001/XMLSchema#string>
<http://purl.org/phenoscape/uuid/a69f0c76-9910-446f-a8e9-422df1e5e6f1>	"0.16243635652267374"^^<http://www.w3.org/2001/XMLSchema#double>	<http://www.informatics.jax.org/marker/MGI:1336991>	"Trp73"^^<http://www.w3.org/2001/XMLSchema#string>	<http://purl.obolibrary.org/obo/VTO_0057715>	"Ipnopidae"^^<http://www.w3.org/2001/XMLSchema#string>
<http://purl.org/phenoscape/uuid/ab13cc38-804a-4051-a57c-47e4a0fe48cf>	"0.02540360530486737"^^<http://www.w3.org/2001/XMLSchema#double>	<http://www.informatics.jax.org/marker/MGI:1336991>	"Trp73"^^<http://www.w3.org/2001/XMLSchema#string>	<http://purl.obolibrary.org/obo/VTO_0057869>	"Stomiidae"^^<http://www.w3.org/2001/XMLSchema#string>
<http://purl.org/phenoscape/uuid/a2150cb1-2e49-4209-a12d-6b63609cae40>	"0.05372068723334965"^^<http://www.w3.org/2001/XMLSchema#double>	<http://www.informatics.jax.org/marker/MGI:1336991>	"Trp73"^^<http://www.w3.org/2001/XMLSchema#string>	<http://purl.obolibrary.org/obo/VTO_0058026>	"Umbridae"^^<http://www.w3.org/2001/XMLSchema#string>
<http://purl.org/phenoscape/uuid/a6b5d029-bc68-4f29-840d-969776403dc5>	"0.12995861007100784"^^<http://www.w3.org/2001/XMLSchema#double>	<http://www.informatics.jax.org/marker/MGI:1336991>	"Trp73"^^<http://www.w3.org/2001/XMLSchema#string>	<http://purl.obolibrary.org/obo/VTO_0058051>	"Salmonidae"^^<http://www.w3.org/2001/XMLSchema#string>
<http://purl.org/phenoscape/uuid/b850db7f-720f-4094-ab2a-cc52f2d52f5c>	"0.10938380211946518"^^<http://www.w3.org/2001/XMLSchema#double>	<http://www.informatics.jax.org/marker/MGI:1336991>	"Trp73"^^<http://www.w3.org/2001/XMLSchema#string>	<http://purl.obolibrary.org/obo/VTO_0059892>	"Exastilithoxus"^^<http://www.w3.org/2001/XMLSchema#string>
<http://purl.org/phenoscape/uuid/a5e2ee66-f466-44ef-bc7e-0b8ba763ee30>	"0.09293882741097503"^^<http://www.w3.org/2001/XMLSchema#double>	<http://www.informatics.jax.org/marker/MGI:1336991>	"Trp73"^^<http://www.w3.org/2001/XMLSchema#string>	<http://purl.obolibrary.org/obo/VTO_0060500>	"Trachelyopterichthys"^^<http://www.w3.org/2001/XMLSchema#string>
<http://purl.org/phenoscape/uuid/a67717ac-fb0d-4ecf-8576-329aa0456fcb>	"0.26434949302542154"^^<http://www.w3.org/2001/XMLSchema#double>	<http://www.informatics.jax.org/marker/MGI:1336991>	"Trp73"^^<http://www.w3.org/2001/XMLSchema#string>	<http://purl.obolibrary.org/obo/VTO_0060882>	"Leptorhamdia"^^<http://www.w3.org/2001/XMLSchema#string>
<http://purl.org/phenoscape/uuid/b4c552c3-1a5c-4b59-afc5-0212a3cb1c95>	"0.12278929944608932"^^<http://www.w3.org/2001/XMLSchema#double>	<http://www.informatics.jax.org/marker/MGI:1336991>	"Trp73"^^<http://www.w3.org/2001/XMLSchema#string>	<http://purl.obolibrary.org/obo/VTO_0062094>	"Magosternarchus"^^<http://www.w3.org/2001/XMLSchema#string>
<http://purl.org/phenoscape/uuid/bf9d5c11-2e8d-4129-b6a2-0c3b0f97399f>	"0.09336918056643939"^^<http://www.w3.org/2001/XMLSchema#double>	<http://www.informatics.jax.org/marker/MGI:1336991>	"Trp73"^^<http://www.w3.org/2001/XMLSchema#string>	<http://purl.obolibrary.org/obo/VTO_0066352>	"Diplomystus"^^<http://www.w3.org/2001/XMLSchema#string>
<http://purl.org/phenoscape/uuid/a97b17dd-459e-4575-8a3f-dbed8b18b36a>	"0.18217627523584456"^^<http://www.w3.org/2001/XMLSchema#double>	<http://www.informatics.jax.org/marker/MGI:1336991>	"Trp73"^^<http://www.w3.org/2001/XMLSchema#string>	<http://purl.obolibrary.org/obo/VTO_0066477>	"Opisthopterus"^^<http://www.w3.org/2001/XMLSchema#string>
<http://purl.org/phenoscape/uuid/bf103254-c238-45de-933d-797e20c79a70>	"0.02540360530486737"^^<http://www.w3.org/2001/XMLSchema#double>	<http://www.informatics.jax.org/marker/MGI:1336991>	"Trp73"^^<http://www.w3.org/2001/XMLSchema#string>	<http://purl.obolibrary.org/obo/VTO_0070261>	"Alabes"^^<http://www.w3.org/2001/XMLSchema#string>
<http://purl.org/phenoscape/uuid/bf13a556-c105-4120-9fe0-00260262c244>	"0.18217627523584456"^^<http://www.w3.org/2001/XMLSchema#double>	<http://www.informatics.jax.org/marker/MGI:1336991>	"Trp73"^^<http://www.w3.org/2001/XMLSchema#string>	<http://purl.obolibrary.org/obo/VTO_0079999>	"Orthogonikleithridae"^^<http://www.w3.org/2001/XMLSchema#string>
<http://purl.org/phenoscape/uuid/ba834682-2bb5-4bf4-8f34-004c8ade4ba1>	"0.11421385376431295"^^<http://www.w3.org/2001/XMLSchema#double>	<http://www.informatics.jax.org/marker/MGI:1336991>	"Trp73"^^<http://www.w3.org/2001/XMLSchema#string>	<http://purl.obolibrary.org/obo/VTO_0080000>	"Orthogonikleithrus"^^<http://www.w3.org/2001/XMLSchema#string>
<http://purl.org/phenoscape/uuid/9e6591ba-538a-4338-b5bd-6dd1b30597dc>	"0.13839179764901732"^^<http://www.w3.org/2001/XMLSchema#double>	<http://www.informatics.jax.org/marker/MGI:1336991>	"Trp73"^^<http://www.w3.org/2001/XMLSchema#string>	<http://purl.obolibrary.org/obo/VTO_0081092>	"Kaurauridae"^^<http://www.w3.org/2001/XMLSchema#string>
<http://purl.org/phenoscape/uuid/b853ff7a-9bab-47cb-9c86-cac5742e9c99>	"0.036697107598629694"^^<http://www.w3.org/2001/XMLSchema#double>	<http://www.informatics.jax.org/marker/MGI:1336991>	"Trp73"^^<http://www.w3.org/2001/XMLSchema#string>	<http://purl.obolibrary.org/obo/VTO_0081338>	"Truebella"^^<http://www.w3.org/2001/XMLSchema#string>
<http://purl.org/phenoscape/uuid/bf122f7c-668c-41e2-bf22-626291237d1f>	"0.07538584164621351"^^<http://www.w3.org/2001/XMLSchema#double>	<http://www.informatics.jax.org/marker/MGI:1336991>	"Trp73"^^<http://www.w3.org/2001/XMLSchema#string>	<http://purl.obolibrary.org/obo/VTO_0083112>	"Paracassina"^^<http://www.w3.org/2001/XMLSchema#string>
<http://purl.org/phenoscape/uuid/bf5584e8-bfc2-4d26-948d-d48e44868c11>	"0.16147656233228355"^^<http://www.w3.org/2001/XMLSchema#double>	<http://www.informatics.jax.org/marker/MGI:1336991>	"Trp73"^^<http://www.w3.org/2001/XMLSchema#string>	<http://purl.obolibrary.org/obo/VTO_9000034>	"Eureptilia"^^<http://www.w3.org/2001/XMLSchema#string>
<http://purl.org/phenoscape/uuid/bfbf8f59-78ed-4ff1-805c-5e8a6c9e8a57>	"0.14035318307331202"^^<http://www.w3.org/2001/XMLSchema#double>	<http://www.informatics.jax.org/marker/MGI:1336991>	"Trp73"^^<http://www.w3.org/2001/XMLSchema#string>	<http://purl.obolibrary.org/obo/VTO_9012172>	"Placodermi"^^<http://www.w3.org/2001/XMLSchema#string>
<http://purl.org/phenoscape/uuid/a01c0780-b9b6-4978-9185-1327ed8e93e0>	"0.09662357761126308"^^<http://www.w3.org/2001/XMLSchema#double>	<http://www.informatics.jax.org/marker/MGI:1336991>	"Trp73"^^<http://www.w3.org/2001/XMLSchema#string>	<http://purl.obolibrary.org/obo/VTO_9006364>	"Tristichopteridae"^^<http://www.w3.org/2001/XMLSchema#string>
<http://purl.org/phenoscape/uuid/ae11389b-9c8a-40e9-a4ab-4be998caed94>	"0.11421385376431295"^^<http://www.w3.org/2001/XMLSchema#double>	<http://www.informatics.jax.org/marker/MGI:1336991>	"Trp73"^^<http://www.w3.org/2001/XMLSchema#string>	<http://purl.obolibrary.org/obo/VTO_9010197>	"Theriiformes"^^<http://www.w3.org/2001/XMLSchema#string>
<http://purl.org/phenoscape/uuid/a121b675-3157-4286-af71-f5a1ced6f4b9>	"0.12766402080000835"^^<http://www.w3.org/2001/XMLSchema#double>	<http://www.informatics.jax.org/marker/MGI:1336991>	"Trp73"^^<http://www.w3.org/2001/XMLSchema#string>	<http://purl.obolibrary.org/obo/VTO_9022988>	"Rhizodontidae"^^<http://www.w3.org/2001/XMLSchema#string>
<http://purl.org/phenoscape/uuid/a85c51a8-0e9a-4d01-9318-a1ee61e2260d>	"0.12766402080000835"^^<http://www.w3.org/2001/XMLSchema#double>	<http://www.informatics.jax.org/marker/MGI:1336991>	"Trp73"^^<http://www.w3.org/2001/XMLSchema#string>	<http://purl.obolibrary.org/obo/VTO_9025577>	"Suchia"^^<http://www.w3.org/2001/XMLSchema#string>
<http://purl.org/phenoscape/uuid/ae0bff3a-5743-4f68-bf8e-a0dfd38f36b5>	"0.07368490180365266"^^<http://www.w3.org/2001/XMLSchema#double>	<http://www.informatics.jax.org/marker/MGI:1336991>	"Trp73"^^<http://www.w3.org/2001/XMLSchema#string>	<http://purl.obolibrary.org/obo/VTO_9004052>	"Cathayornithidae"^^<http://www.w3.org/2001/XMLSchema#string>
<http://purl.org/phenoscape/uuid/b5458a9f-53dc-4270-be7b-0d530c3a97cd>	"0.12124088411148491"^^<http://www.w3.org/2001/XMLSchema#double>	<http://www.informatics.jax.org/marker/MGI:1336991>	"Trp73"^^<http://www.w3.org/2001/XMLSchema#string>	<http://purl.obolibrary.org/obo/VTO_9030428>	"Silesauridae"^^<http://www.w3.org/2001/XMLSchema#string>
<http://purl.org/phenoscape/uuid/b5d58869-8a2d-4210-aa52-9468dd4fc1fe>	"0.005473381677902978"^^<http://www.w3.org/2001/XMLSchema#double>	<http://www.informatics.jax.org/marker/MGI:1336991>	"Trp73"^^<http://www.w3.org/2001/XMLSchema#string>	<http://purl.obolibrary.org/obo/VTO_9005294>	"Aerosaurus"^^<http://www.w3.org/2001/XMLSchema#string>
<http://purl.org/phenoscape/uuid/a348710f-53e7-4257-b91b-f8a705b33658>	"0.06223518658501299"^^<http://www.w3.org/2001/XMLSchema#double>	<http://www.informatics.jax.org/marker/MGI:1336991>	"Trp73"^^<http://www.w3.org/2001/XMLSchema#string>	<http://purl.obolibrary.org/obo/VTO_9030373>	"Aetosauria"^^<http://www.w3.org/2001/XMLSchema#string>
<http://purl.org/phenoscape/uuid/b5f49d47-ce13-4a2d-aee8-5f70f3e81541>	"0.0981229226966224"^^<http://www.w3.org/2001/XMLSchema#double>	<http://www.informatics.jax.org/marker/MGI:1336991>	"Trp73"^^<http://www.w3.org/2001/XMLSchema#string>	<http://purl.obolibrary.org/obo/VTO_9034428>	"Varanodontinae"^^<http://www.w3.org/2001/XMLSchema#string>
<http://purl.org/phenoscape/uuid/a10af529-055e-4936-be81-db9e757dcc6b>	"0.02540360530486737"^^<http://www.w3.org/2001/XMLSchema#double>	<http://www.informatics.jax.org/marker/MGI:1336991>	"Trp73"^^<http://www.w3.org/2001/XMLSchema#string>	<http://purl.obolibrary.org/obo/VTO_9010117>	"Proterochampsia"^^<http://www.w3.org/2001/XMLSchema#string>
<http://purl.org/phenoscape/uuid/b8d51396-de48-4b04-92c6-0578095dc7ef>	"0.0948727519169672"^^<http://www.w3.org/2001/XMLSchema#double>	<http://www.informatics.jax.org/marker/MGI:1336991>	"Trp73"^^<http://www.w3.org/2001/XMLSchema#string>	<http://purl.obolibrary.org/obo/VTO_9020543>	"Seymouriamorpha"^^<http://www.w3.org/2001/XMLSchema#string>
<http://purl.org/phenoscape/uuid/a8a635d3-6254-44db-9348-ae83b7bbe80f>	"0.16147656233228355"^^<http://www.w3.org/2001/XMLSchema#double>	<http://www.informatics.jax.org/marker/MGI:1336991>	"Trp73"^^<http://www.w3.org/2001/XMLSchema#string>	<http://purl.obolibrary.org/obo/VTO_9023950>	"Dissorophoidea"^^<http://www.w3.org/2001/XMLSchema#string>
<http://purl.org/phenoscape/uuid/b46c467e-e9c9-4ad4-ab3f-0012d5a68554>	"0.1248684925963886"^^<http://www.w3.org/2001/XMLSchema#double>	<http://www.informatics.jax.org/marker/MGI:1336991>	"Trp73"^^<http://www.w3.org/2001/XMLSchema#string>	<http://purl.obolibrary.org/obo/VTO_9007559>	"Rhadinichthyidae"^^<http://www.w3.org/2001/XMLSchema#string>
<http://purl.org/phenoscape/uuid/a8369564-24d5-46e5-9b16-7a44fc261a5e>	"0.11081698481671996"^^<http://www.w3.org/2001/XMLSchema#double>	<http://www.informatics.jax.org/marker/MGI:1336991>	"Trp73"^^<http://www.w3.org/2001/XMLSchema#string>	<http://purl.obolibrary.org/obo/VTO_9008470>	"Rhachitomi"^^<http://www.w3.org/2001/XMLSchema#string>
<http://purl.org/phenoscape/uuid/b0e35345-7439-4aa0-9a1a-a06ca90a2739>	"0.07500496128175987"^^<http://www.w3.org/2001/XMLSchema#double>	<http://www.informatics.jax.org/marker/MGI:1336991>	"Trp73"^^<http://www.w3.org/2001/XMLSchema#string>	<http://purl.obolibrary.org/obo/VTO_9010160>	"Casea"^^<http://www.w3.org/2001/XMLSchema#string>
<http://purl.org/phenoscape/uuid/c031166a-31e9-4eb1-9d7c-bf53a350433d>	"0.07963887537121327"^^<http://www.w3.org/2001/XMLSchema#double>	<http://www.informatics.jax.org/marker/MGI:1336991>	"Trp73"^^<http://www.w3.org/2001/XMLSchema#string>	<http://purl.obolibrary.org/obo/VTO_9033764>	"Acanthodiformes"^^<http://www.w3.org/2001/XMLSchema#string>
<http://purl.org/phenoscape/uuid/a582a335-58d5-4b0f-b2dc-d1f5990293ea>	"0.08851424172376296"^^<http://www.w3.org/2001/XMLSchema#double>	<http://www.informatics.jax.org/marker/MGI:1336991>	"Trp73"^^<http://www.w3.org/2001/XMLSchema#string>	<http://purl.obolibrary.org/obo/VTO_9020173>	"Shuvosauridae"^^<http://www.w3.org/2001/XMLSchema#string>
<http://purl.org/phenoscape/uuid/9f033a55-e1b7-4888-8ebb-9242b382f99a>	"0.08687080841763106"^^<http://www.w3.org/2001/XMLSchema#double>	<http://www.informatics.jax.org/marker/MGI:1336991>	"Trp73"^^<http://www.w3.org/2001/XMLSchema#string>	<http://purl.obolibrary.org/obo/VTO_9020385>	"Keraterpetontidae"^^<http://www.w3.org/2001/XMLSchema#string>
<http://purl.org/phenoscape/uuid/af6a10b1-ca8b-48d3-9848-0af0d3bbecf9>	"0.027348314944070164"^^<http://www.w3.org/2001/XMLSchema#double>	<http://www.informatics.jax.org/marker/MGI:1336991>	"Trp73"^^<http://www.w3.org/2001/XMLSchema#string>	<http://purl.obolibrary.org/obo/VTO_9020425>	"Hapsidopareiontidae"^^<http://www.w3.org/2001/XMLSchema#string>
<http://purl.org/phenoscape/uuid/a2da0912-20ef-4f0e-9ce6-e5fdda7956df>	"0.08851424172376296"^^<http://www.w3.org/2001/XMLSchema#double>	<http://www.informatics.jax.org/marker/MGI:1336991>	"Trp73"^^<http://www.w3.org/2001/XMLSchema#string>	<http://purl.obolibrary.org/obo/VTO_9031404>	"Diadectomorpha"^^<http://www.w3.org/2001/XMLSchema#string>
<http://purl.org/phenoscape/uuid/b8eb89df-5542-4155-be40-ae2ffa93913c>	"0.005231139294387816"^^<http://www.w3.org/2001/XMLSchema#double>	<http://www.informatics.jax.org/marker/MGI:1336991>	"Trp73"^^<http://www.w3.org/2001/XMLSchema#string>	<http://purl.obolibrary.org/obo/VTO_9022808>	"Traquairius"^^<http://www.w3.org/2001/XMLSchema#string>
<http://purl.org/phenoscape/uuid/1b9a3eaf-1f2d-425c-a335-dfeb89a39330>	"0.04947257425218059"^^<http://www.w3.org/2001/XMLSchema#double>	<http://www.informatics.jax.org/marker/MGI:1336991>	"Trp73"^^<http://www.w3.org/2001/XMLSchema#string>	<http://purl.obolibrary.org/obo/VTO_0000124>	"Carcharhiniformes"^^<http://www.w3.org/2001/XMLSchema#string>
<http://purl.org/phenoscape/uuid/298c573b-ce8b-45b1-8a5d-9b408f9b5bd7>	"0.050767254383249145"^^<http://www.w3.org/2001/XMLSchema#double>	<http://www.informatics.jax.org/marker/MGI:1336991>	"Trp73"^^<http://www.w3.org/2001/XMLSchema#string>	<http://purl.obolibrary.org/obo/VTO_0000749>	"Hexanchidae"^^<http://www.w3.org/2001/XMLSchema#string>
<http://purl.org/phenoscape/uuid/2b42fc6f-e27e-4fd6-8c26-70ff6c7636e1>	"0.24953324923320214"^^<http://www.w3.org/2001/XMLSchema#double>	<http://www.informatics.jax.org/marker/MGI:1336991>	"Trp73"^^<http://www.w3.org/2001/XMLSchema#string>	<http://purl.obolibrary.org/obo/VTO_0001462>	"Teleostomi"^^<http://www.w3.org/2001/XMLSchema#string>
<http://purl.org/phenoscape/uuid/0ceb03ce-86f3-415c-a51b-f115b68a4d67>	"0.15606232901833117"^^<http://www.w3.org/2001/XMLSchema#double>	<http://www.informatics.jax.org/marker/MGI:1336991>	"Trp73"^^<http://www.w3.org/2001/XMLSchema#string>	<http://purl.obolibrary.org/obo/VTO_0001465>	"Tetrapoda"^^<http://www.w3.org/2001/XMLSchema#string>
<http://purl.org/phenoscape/uuid/2e7b7cad-3af6-43a5-811e-82bcc4651832>	"0.19242485260752903"^^<http://www.w3.org/2001/XMLSchema#double>	<http://www.informatics.jax.org/marker/MGI:1336991>	"Trp73"^^<http://www.w3.org/2001/XMLSchema#string>	<http://purl.obolibrary.org/obo/VTO_0001466>	"Amphibia"^^<http://www.w3.org/2001/XMLSchema#string>
<http://purl.org/phenoscape/uuid/2daf86cb-3801-4893-9092-a5715d9abdb2>	"0.19242485260752903"^^<http://www.w3.org/2001/XMLSchema#double>	<http://www.informatics.jax.org/marker/MGI:1336991>	"Trp73"^^<http://www.w3.org/2001/XMLSchema#string>	<http://purl.obolibrary.org/obo/VTO_0002210>	"Anura"^^<http://www.w3.org/2001/XMLSchema#string>
<http://purl.org/phenoscape/uuid/1bc52c9c-c1be-49e0-816e-7d8291f814a9>	"0.10634490279656353"^^<http://www.w3.org/2001/XMLSchema#double>	<http://www.informatics.jax.org/marker/MGI:1336991>	"Trp73"^^<http://www.w3.org/2001/XMLSchema#string>	<http://purl.obolibrary.org/obo/VTO_0002418>	"Xenopus"^^<http://www.w3.org/2001/XMLSchema#string>
<http://purl.org/phenoscape/uuid/0d860601-2def-4a2d-b71b-65b7267c4d2d>	"0.12124088411148491"^^<http://www.w3.org/2001/XMLSchema#double>	<http://www.informatics.jax.org/marker/MGI:1336991>	"Trp73"^^<http://www.w3.org/2001/XMLSchema#string>	<http://purl.obolibrary.org/obo/VTO_0002634>	"Spea"^^<http://www.w3.org/2001/XMLSchema#string>
<http://purl.org/phenoscape/uuid/21d9ef66-bd9a-4adc-a302-7c36c84612b3>	"0.053412424632633626"^^<http://www.w3.org/2001/XMLSchema#double>	<http://www.informatics.jax.org/marker/MGI:1336991>	"Trp73"^^<http://www.w3.org/2001/XMLSchema#string>	<http://purl.obolibrary.org/obo/VTO_0002655>	"Bombina"^^<http://www.w3.org/2001/XMLSchema#string>
<http://purl.org/phenoscape/uuid/16d2cc50-36f2-410f-b33d-128bcf8d4275>	"0.11251083385556307"^^<http://www.w3.org/2001/XMLSchema#double>	<http://www.informatics.jax.org/marker/MGI:1336991>	"Trp73"^^<http://www.w3.org/2001/XMLSchema#string>	<http://purl.obolibrary.org/obo/VTO_0003369>	"Pyxicephalinae"^^<http://www.w3.org/2001/XMLSchema#string>
<http://purl.org/phenoscape/uuid/1c8b5502-4ce4-41bb-86be-09312afcf33a>	"0.026739522463503942"^^<http://www.w3.org/2001/XMLSchema#double>	<http://www.informatics.jax.org/marker/MGI:1336991>	"Trp73"^^<http://www.w3.org/2001/XMLSchema#string>	<http://purl.obolibrary.org/obo/VTO_0003413>	"Tomopterna"^^<http://www.w3.org/2001/XMLSchema#string>
<http://purl.org/phenoscape/uuid/20f09270-1025-4f17-9edc-0f4a08a2781d>	"0.0948727519169672"^^<http://www.w3.org/2001/XMLSchema#double>	<http://www.informatics.jax.org/marker/MGI:1336991>	"Trp73"^^<http://www.w3.org/2001/XMLSchema#string>	<http://purl.obolibrary.org/obo/VTO_0004602>	"Arthroleptis"^^<http://www.w3.org/2001/XMLSchema#string>
<http://purl.org/phenoscape/uuid/29d61fb9-738a-4a06-a985-62fefd0cda72>	"0.05060490866567528"^^<http://www.w3.org/2001/XMLSchema#double>	<http://www.informatics.jax.org/marker/MGI:1336991>	"Trp73"^^<http://www.w3.org/2001/XMLSchema#string>	<http://purl.obolibrary.org/obo/VTO_0004637>	"Leptopelis"^^<http://www.w3.org/2001/XMLSchema#string>
<http://purl.org/phenoscape/uuid/2d2268d2-7ca2-4fa1-a7ea-a7b07998458f>	"0.021544257284174362"^^<http://www.w3.org/2001/XMLSchema#double>	<http://www.informatics.jax.org/marker/MGI:1336991>	"Trp73"^^<http://www.w3.org/2001/XMLSchema#string>	<http://purl.obolibrary.org/obo/VTO_0004665>	"Phlyctimantis"^^<http://www.w3.org/2001/XMLSchema#string>
<http://purl.org/phenoscape/uuid/11b6559e-d288-4f34-9947-955fedb84f5e>	"0.09214743181984969"^^<http://www.w3.org/2001/XMLSchema#double>	<http://www.informatics.jax.org/marker/MGI:1336991>	"Trp73"^^<http://www.w3.org/2001/XMLSchema#string>	<http://purl.obolibrary.org/obo/VTO_0004743>	"Kassina"^^<http://www.w3.org/2001/XMLSchema#string>
<http://purl.org/phenoscape/uuid/252733d3-354b-4836-9f6e-7aaa8128a311>	"0.10378078359964121"^^<http://www.w3.org/2001/XMLSchema#double>	<http://www.informatics.jax.org/marker/MGI:1336991>	"Trp73"^^<http://www.w3.org/2001/XMLSchema#string>	<http://purl.obolibrary.org/obo/VTO_0006373>	"Hylidae"^^<http://www.w3.org/2001/XMLSchema#string>
<http://purl.org/phenoscape/uuid/26e9e261-2d0e-4314-a5ed-1e58dbc35bdb>	"0.061536075339160605"^^<http://www.w3.org/2001/XMLSchema#double>	<http://www.informatics.jax.org/marker/MGI:1336991>	"Trp73"^^<http://www.w3.org/2001/XMLSchema#string>	<http://purl.obolibrary.org/obo/VTO_0007064>	"Hylodes"^^<http://www.w3.org/2001/XMLSchema#string>
<http://purl.org/phenoscape/uuid/07b66c5e-6d64-425f-a535-fc03a13966f4>	"0.1282008384043209"^^<http://www.w3.org/2001/XMLSchema#double>	<http://www.informatics.jax.org/marker/MGI:1336991>	"Trp73"^^<http://www.w3.org/2001/XMLSchema#string>	<http://purl.obolibrary.org/obo/VTO_0007081>	"Bufonidae"^^<http://www.w3.org/2001/XMLSchema#string>
<http://purl.org/phenoscape/uuid/0db9a509-bb02-4303-9145-a89e0758f695>	"0.13408715748853178"^^<http://www.w3.org/2001/XMLSchema#double>	<http://www.informatics.jax.org/marker/MGI:1336991>	"Trp73"^^<http://www.w3.org/2001/XMLSchema#string>	<http://purl.obolibrary.org/obo/VTO_9000177>	"Reptiliomorpha"^^<http://www.w3.org/2001/XMLSchema#string>
<http://purl.org/phenoscape/uuid/2d88dbe1-0178-40b4-9136-6989538b3408>	"0.12843822846731057"^^<http://www.w3.org/2001/XMLSchema#double>	<http://www.informatics.jax.org/marker/MGI:1336991>	"Trp73"^^<http://www.w3.org/2001/XMLSchema#string>	<http://purl.obolibrary.org/obo/VTO_9031854>	"Cynodontia"^^<http://www.w3.org/2001/XMLSchema#string>
<http://purl.org/phenoscape/uuid/2238d51d-51ac-45a4-8a0e-1452eec0c624>	"0.12201509177878711"^^<http://www.w3.org/2001/XMLSchema#double>	<http://www.informatics.jax.org/marker/MGI:1336991>	"Trp73"^^<http://www.w3.org/2001/XMLSchema#string>	<http://purl.obolibrary.org/obo/VTO_0008261>	"Proboscidea"^^<http://www.w3.org/2001/XMLSchema#string>
<http://purl.org/phenoscape/uuid/0caeadd0-cf5f-4162-8b8a-2417285d2144>	"0.14417956738064303"^^<http://www.w3.org/2001/XMLSchema#double>	<http://www.informatics.jax.org/marker/MGI:1336991>	"Trp73"^^<http://www.w3.org/2001/XMLSchema#string>	<http://purl.obolibrary.org/obo/VTO_0008279>	"Insectivora"^^<http://www.w3.org/2001/XMLSchema#string>
<http://purl.org/phenoscape/uuid/19d9a947-30fa-4ff6-a6ec-d250cf3a4cc4>	"0.11274044062607899"^^<http://www.w3.org/2001/XMLSchema#double>	<http://www.informatics.jax.org/marker/MGI:1336991>	"Trp73"^^<http://www.w3.org/2001/XMLSchema#string>	<http://purl.obolibrary.org/obo/VTO_0010456>	"Carnivora"^^<http://www.w3.org/2001/XMLSchema#string>
<http://purl.org/phenoscape/uuid/02bca58c-fe8b-4487-abc0-cb4dfb4ff1ed>	"0.11421385376431295"^^<http://www.w3.org/2001/XMLSchema#double>	<http://www.informatics.jax.org/marker/MGI:1336991>	"Trp73"^^<http://www.w3.org/2001/XMLSchema#string>	<http://purl.obolibrary.org/obo/VTO_0012330>	"Rodentia"^^<http://www.w3.org/2001/XMLSchema#string>
<http://purl.org/phenoscape/uuid/1014669f-1a6d-477d-a532-925a28ce4ee6>	"0.12124088411148491"^^<http://www.w3.org/2001/XMLSchema#double>	<http://www.informatics.jax.org/marker/MGI:1336991>	"Trp73"^^<http://www.w3.org/2001/XMLSchema#string>	<http://purl.obolibrary.org/obo/VTO_0015578>	"Monotremata"^^<http://www.w3.org/2001/XMLSchema#string>
<http://purl.org/phenoscape/uuid/1fb8878c-3ff3-47c2-b8ed-a113259ed6ab>	"0.12766402080000835"^^<http://www.w3.org/2001/XMLSchema#double>	<http://www.informatics.jax.org/marker/MGI:1336991>	"Trp73"^^<http://www.w3.org/2001/XMLSchema#string>	<http://purl.obolibrary.org/obo/VTO_0015587>	"Sauropsida"^^<http://www.w3.org/2001/XMLSchema#string>
<http://purl.org/phenoscape/uuid/251f87c6-0c60-450b-888a-6f0982d5451b>	"0.055734736974132996"^^<http://www.w3.org/2001/XMLSchema#double>	<http://www.informatics.jax.org/marker/MGI:1336991>	"Trp73"^^<http://www.w3.org/2001/XMLSchema#string>	<http://purl.obolibrary.org/obo/VTO_0033978>	"Albulidae"^^<http://www.w3.org/2001/XMLSchema#string>
<http://purl.org/phenoscape/uuid/26d147a1-575a-45ae-aec7-14224caceda2>	"0.048749090400230344"^^<http://www.w3.org/2001/XMLSchema#double>	<http://www.informatics.jax.org/marker/MGI:1336991>	"Trp73"^^<http://www.w3.org/2001/XMLSchema#string>	<http://purl.obolibrary.org/obo/VTO_0080344>	"Lepisosteiformes"^^<http://www.w3.org/2001/XMLSchema#string>
<http://purl.org/phenoscape/uuid/0daebfbf-5b35-4c50-b4c4-179e7b4cd0cd>	"0.19655555657421891"^^<http://www.w3.org/2001/XMLSchema#double>	<http://www.informatics.jax.org/marker/MGI:1336991>	"Trp73"^^<http://www.w3.org/2001/XMLSchema#string>	<http://purl.obolibrary.org/obo/VTO_0034699>	"Alosa"^^<http://www.w3.org/2001/XMLSchema#string>
<http://purl.org/phenoscape/uuid/270b4233-95a0-4642-9852-d6a89ce0c8aa>	"0.09293882741097503"^^<http://www.w3.org/2001/XMLSchema#double>	<http://www.informatics.jax.org/marker/MGI:1336991>	"Trp73"^^<http://www.w3.org/2001/XMLSchema#string>	<http://purl.obolibrary.org/obo/VTO_0035450>	"Brochis"^^<http://www.w3.org/2001/XMLSchema#string>
<http://purl.org/phenoscape/uuid/0c3e9df1-7ccc-43e3-b913-44b74066bf06>	"0.18217627523584456"^^<http://www.w3.org/2001/XMLSchema#double>	<http://www.informatics.jax.org/marker/MGI:1336991>	"Trp73"^^<http://www.w3.org/2001/XMLSchema#string>	<http://purl.obolibrary.org/obo/VTO_0035636>	"Gladioglanis"^^<http://www.w3.org/2001/XMLSchema#string>
<http://purl.org/phenoscape/uuid/28df62f7-fd3c-45dd-adef-c6317ca2924a>	"0.12914343828975064"^^<http://www.w3.org/2001/XMLSchema#double>	<http://www.informatics.jax.org/marker/MGI:1336991>	"Trp73"^^<http://www.w3.org/2001/XMLSchema#string>	<http://purl.obolibrary.org/obo/VTO_0035685>	"Brustiarius"^^<http://www.w3.org/2001/XMLSchema#string>
<http://purl.org/phenoscape/uuid/2fe4a041-636d-456e-80dc-4c14ddc996d9>	"0.12493581149823213"^^<http://www.w3.org/2001/XMLSchema#double>	<http://www.informatics.jax.org/marker/MGI:1336991>	"Trp73"^^<http://www.w3.org/2001/XMLSchema#string>	<http://purl.obolibrary.org/obo/VTO_0035826>	"Nemapteryx"^^<http://www.w3.org/2001/XMLSchema#string>
<http://purl.org/phenoscape/uuid/2a01e2ae-325c-46ea-b362-6dad9fcf2a60>	"0.18579006426135275"^^<http://www.w3.org/2001/XMLSchema#double>	<http://www.informatics.jax.org/marker/MGI:1336991>	"Trp73"^^<http://www.w3.org/2001/XMLSchema#string>	<http://purl.obolibrary.org/obo/VTO_0036306>	"Pimelodidae"^^<http://www.w3.org/2001/XMLSchema#string>
<http://purl.org/phenoscape/uuid/1c2720e6-625b-4f82-a51c-03ccce60280e>	"0.26896714932614463"^^<http://www.w3.org/2001/XMLSchema#double>	<http://www.informatics.jax.org/marker/MGI:1336991>	"Trp73"^^<http://www.w3.org/2001/XMLSchema#string>	<http://purl.obolibrary.org/obo/VTO_0036816>	"Loricariidae"^^<http://www.w3.org/2001/XMLSchema#string>
<http://purl.org/phenoscape/uuid/0d7fb8d8-3fdd-42b5-9479-4b08569685c5>	"0.12994135936788412"^^<http://www.w3.org/2001/XMLSchema#double>	<http://www.informatics.jax.org/marker/MGI:1336991>	"Trp73"^^<http://www.w3.org/2001/XMLSchema#string>	<http://purl.obolibrary.org/obo/VTO_0037161>	"Pareiorhina"^^<http://www.w3.org/2001/XMLSchema#string>
<http://purl.org/phenoscape/uuid/2839484c-5936-49f4-b3b8-be60ac900ed7>	"0.11608655078277724"^^<http://www.w3.org/2001/XMLSchema#double>	<http://www.informatics.jax.org/marker/MGI:1336991>	"Trp73"^^<http://www.w3.org/2001/XMLSchema#string>	<http://purl.obolibrary.org/obo/VTO_0037202>	"Neoplecostomus"^^<http://www.w3.org/2001/XMLSchema#string>
<http://purl.org/phenoscape/uuid/2ece7ca0-7f5f-498a-ba5c-1f3b29d0e68c>	"0.19655555657421891"^^<http://www.w3.org/2001/XMLSchema#double>	<http://www.informatics.jax.org/marker/MGI:1336991>	"Trp73"^^<http://www.w3.org/2001/XMLSchema#string>	<http://purl.obolibrary.org/obo/VTO_0037296>	"Pseudancistrus"^^<http://www.w3.org/2001/XMLSchema#string>
<http://purl.org/phenoscape/uuid/1f0f6dce-7033-4470-978a-96103eb56951>	"0.024700102566326182"^^<http://www.w3.org/2001/XMLSchema#double>	<http://www.informatics.jax.org/marker/MGI:1336991>	"Trp73"^^<http://www.w3.org/2001/XMLSchema#string>	<http://purl.obolibrary.org/obo/VTO_0037805>	"Bryconaethiops"^^<http://www.w3.org/2001/XMLSchema#string>
<http://purl.org/phenoscape/uuid/1e768028-77b9-462a-b3e4-a99a306822f8>	"0.1008565516525065"^^<http://www.w3.org/2001/XMLSchema#double>	<http://www.informatics.jax.org/marker/MGI:1336991>	"Trp73"^^<http://www.w3.org/2001/XMLSchema#string>	<http://purl.obolibrary.org/obo/VTO_0037990>	"Chalceus"^^<http://www.w3.org/2001/XMLSchema#string>
<http://purl.org/phenoscape/uuid/0b004e4d-8a7d-4bf3-9b9c-ff24b84b1468>	"0.037372996153061035"^^<http://www.w3.org/2001/XMLSchema#double>	<http://www.informatics.jax.org/marker/MGI:1336991>	"Trp73"^^<http://www.w3.org/2001/XMLSchema#string>	<http://purl.obolibrary.org/obo/VTO_0038105>	"Compsura"^^<http://www.w3.org/2001/XMLSchema#string>
<http://purl.org/phenoscape/uuid/07995211-f8e7-47ef-9b8c-bd94cbfada2c>	"0.12278929944608932"^^<http://www.w3.org/2001/XMLSchema#double>	<http://www.informatics.jax.org/marker/MGI:1336991>	"Trp73"^^<http://www.w3.org/2001/XMLSchema#string>	<http://purl.obolibrary.org/obo/VTO_0064669>	"Serrasalmidae"^^<http://www.w3.org/2001/XMLSchema#string>
<http://purl.org/phenoscape/uuid/1670ea20-8ab2-4bbf-8806-c17576f6c425>	"0.18936591590503174"^^<http://www.w3.org/2001/XMLSchema#double>	<http://www.informatics.jax.org/marker/MGI:1336991>	"Trp73"^^<http://www.w3.org/2001/XMLSchema#string>	<http://purl.obolibrary.org/obo/VTO_0038461>	"Boulengerella"^^<http://www.w3.org/2001/XMLSchema#string>
<http://purl.org/phenoscape/uuid/2ea10e00-13ca-4ae3-a480-9a0b9a7648f1>	"0.19776176600780143"^^<http://www.w3.org/2001/XMLSchema#double>	<http://www.informatics.jax.org/marker/MGI:1336991>	"Trp73"^^<http://www.w3.org/2001/XMLSchema#string>	<http://purl.obolibrary.org/obo/VTO_0038468>	"Curimatidae"^^<http://www.w3.org/2001/XMLSchema#string>
<http://purl.org/phenoscape/uuid/19d1799a-0e54-4949-a09b-142ebb496cbf>	"0.08876257369242077"^^<http://www.w3.org/2001/XMLSchema#double>	<http://www.informatics.jax.org/marker/MGI:1336991>	"Trp73"^^<http://www.w3.org/2001/XMLSchema#string>	<http://purl.obolibrary.org/obo/VTO_0038634>	"Anostomus"^^<http://www.w3.org/2001/XMLSchema#string>
<http://purl.org/phenoscape/uuid/216888b4-1d9a-4d86-a587-97fe9f1b780f>	"0.19655555657421891"^^<http://www.w3.org/2001/XMLSchema#double>	<http://www.informatics.jax.org/marker/MGI:1336991>	"Trp73"^^<http://www.w3.org/2001/XMLSchema#string>	<http://purl.obolibrary.org/obo/VTO_0038637>	"Schizodon"^^<http://www.w3.org/2001/XMLSchema#string>
<http://purl.org/phenoscape/uuid/03cb754c-d547-45f2-a2ae-7c1203f9bd91>	"0.1426964378095029"^^<http://www.w3.org/2001/XMLSchema#double>	<http://www.informatics.jax.org/marker/MGI:1336991>	"Trp73"^^<http://www.w3.org/2001/XMLSchema#string>	<http://purl.obolibrary.org/obo/VTO_0040495>	"Gila"^^<http://www.w3.org/2001/XMLSchema#string>
<http://purl.org/phenoscape/uuid/0fb6401c-17ef-48c2-95b7-a2c58056dd59>	"0.11328504152286527"^^<http://www.w3.org/2001/XMLSchema#double>	<http://www.informatics.jax.org/marker/MGI:1336991>	"Trp73"^^<http://www.w3.org/2001/XMLSchema#string>	<http://purl.obolibrary.org/obo/VTO_0040711>	"Luxilus"^^<http://www.w3.org/2001/XMLSchema#string>
<http://purl.org/phenoscape/uuid/143e6be8-735c-49cb-ba6a-e6d9f968764b>	"0.16018015178280046"^^<http://www.w3.org/2001/XMLSchema#double>	<http://www.informatics.jax.org/marker/MGI:1336991>	"Trp73"^^<http://www.w3.org/2001/XMLSchema#string>	<http://purl.obolibrary.org/obo/VTO_0041165>	"Balitoridae"^^<http://www.w3.org/2001/XMLSchema#string>
<http://purl.org/phenoscape/uuid/1430511f-7b7d-4026-88b9-6088c3af10f8>	"0.10378078359964121"^^<http://www.w3.org/2001/XMLSchema#double>	<http://www.informatics.jax.org/marker/MGI:1336991>	"Trp73"^^<http://www.w3.org/2001/XMLSchema#string>	<http://purl.obolibrary.org/obo/VTO_0063026>	"Botiidae"^^<http://www.w3.org/2001/XMLSchema#string>
<http://purl.org/phenoscape/uuid/20dd422e-96fe-48af-9bf8-2defed6902e4>	"0.2105712171892723"^^<http://www.w3.org/2001/XMLSchema#double>	<http://www.informatics.jax.org/marker/MGI:1336991>	"Trp73"^^<http://www.w3.org/2001/XMLSchema#string>	<http://purl.obolibrary.org/obo/VTO_0041480>	"Thoburnia"^^<http://www.w3.org/2001/XMLSchema#string>
<http://purl.org/phenoscape/uuid/2a7dbdaa-90d1-4941-9493-d0d018f6a4ef>	"0.19242485260752903"^^<http://www.w3.org/2001/XMLSchema#double>	<http://www.informatics.jax.org/marker/MGI:1336991>	"Trp73"^^<http://www.w3.org/2001/XMLSchema#string>	<http://purl.obolibrary.org/obo/VTO_0043182>	"Caproidae"^^<http://www.w3.org/2001/XMLSchema#string>
<http://purl.org/phenoscape/uuid/0cbfccc4-e007-46fc-af7c-e851ba1f9c9b>	"0.11081698481671996"^^<http://www.w3.org/2001/XMLSchema#double>	<http://www.informatics.jax.org/marker/MGI:1336991>	"Trp73"^^<http://www.w3.org/2001/XMLSchema#string>	<http://purl.obolibrary.org/obo/VTO_0043242>	"Echeneidae"^^<http://www.w3.org/2001/XMLSchema#string>
<http://purl.org/phenoscape/uuid/24d0203d-b25d-4aeb-97ce-198831f24fe9>	"0.2611315949440878"^^<http://www.w3.org/2001/XMLSchema#double>	<http://www.informatics.jax.org/marker/MGI:1336991>	"Trp73"^^<http://www.w3.org/2001/XMLSchema#string>	<http://purl.obolibrary.org/obo/VTO_0046983>	"Cichlidae"^^<http://www.w3.org/2001/XMLSchema#string>
<http://purl.org/phenoscape/uuid/17bf71ab-6ac5-4872-8421-8323b3b6ddff>	"0.10516255096888533"^^<http://www.w3.org/2001/XMLSchema#double>	<http://www.informatics.jax.org/marker/MGI:1336991>	"Trp73"^^<http://www.w3.org/2001/XMLSchema#string>	<http://purl.obolibrary.org/obo/VTO_0047199>	"Tomocichla"^^<http://www.w3.org/2001/XMLSchema#string>
<http://purl.org/phenoscape/uuid/070a711a-6afa-4015-bc71-d54d515e0f83>	"0.14152481044140747"^^<http://www.w3.org/2001/XMLSchema#double>	<http://www.informatics.jax.org/marker/MGI:1336991>	"Trp73"^^<http://www.w3.org/2001/XMLSchema#string>	<http://purl.obolibrary.org/obo/VTO_0047292>	"Thorichthys"^^<http://www.w3.org/2001/XMLSchema#string>
<http://purl.org/phenoscape/uuid/21540fe6-6073-42bb-b3b7-72c8136df9c5>	"0.38831289109027944"^^<http://www.w3.org/2001/XMLSchema#double>	<http://www.informatics.jax.org/marker/MGI:1336991>	"Trp73"^^<http://www.w3.org/2001/XMLSchema#string>	<http://purl.obolibrary.org/obo/VTO_0052535>	"Liparis"^^<http://www.w3.org/2001/XMLSchema#string>
<http://purl.org/phenoscape/uuid/0f5f8575-44e2-43c9-ba9d-148e79934a4d>	"0.02540360530486737"^^<http://www.w3.org/2001/XMLSchema#double>	<http://www.informatics.jax.org/marker/MGI:1336991>	"Trp73"^^<http://www.w3.org/2001/XMLSchema#string>	<http://purl.obolibrary.org/obo/VTO_0053586>	"Synbranchiformes"^^<http://www.w3.org/2001/XMLSchema#string>
<http://purl.org/phenoscape/uuid/1cd44850-b19a-45ec-8de9-7856d2f4d2d0>	"0.02540360530486737"^^<http://www.w3.org/2001/XMLSchema#double>	<http://www.informatics.jax.org/marker/MGI:1336991>	"Trp73"^^<http://www.w3.org/2001/XMLSchema#string>	<http://purl.obolibrary.org/obo/VTO_0053588>	"Mastacembelidae"^^<http://www.w3.org/2001/XMLSchema#string>
<http://purl.org/phenoscape/uuid/2142e2ba-98a0-40be-93db-1c3531f15333>	"0.21332745285723925"^^<http://www.w3.org/2001/XMLSchema#double>	<http://www.informatics.jax.org/marker/MGI:1336991>	"Trp73"^^<http://www.w3.org/2001/XMLSchema#string>	<http://purl.obolibrary.org/obo/VTO_0055603>	"Pleuronectiformes"^^<http://www.w3.org/2001/XMLSchema#string>
<http://purl.org/phenoscape/uuid/2e0fa2bd-d82e-4422-8b61-9b3cdc0846d1>	"0.14392291894423398"^^<http://www.w3.org/2001/XMLSchema#double>	<http://www.informatics.jax.org/marker/MGI:1336991>	"Trp73"^^<http://www.w3.org/2001/XMLSchema#string>	<http://purl.obolibrary.org/obo/VTO_0055812>	"Paralichthyidae"^^<http://www.w3.org/2001/XMLSchema#string>
<http://purl.org/phenoscape/uuid/0e734b86-53a7-42bf-8081-df0d9a14bfb5>	"0.12021718580060349"^^<http://www.w3.org/2001/XMLSchema#double>	<http://www.informatics.jax.org/marker/MGI:1336991>	"Trp73"^^<http://www.w3.org/2001/XMLSchema#string>	<http://purl.obolibrary.org/obo/VTO_0057525>	"Scopelarchidae"^^<http://www.w3.org/2001/XMLSchema#string>
<http://purl.org/phenoscape/uuid/08998c44-400d-4b1b-812e-11dae8c3270c>	"0.02540360530486737"^^<http://www.w3.org/2001/XMLSchema#double>	<http://www.informatics.jax.org/marker/MGI:1336991>	"Trp73"^^<http://www.w3.org/2001/XMLSchema#string>	<http://purl.obolibrary.org/obo/VTO_0058622>	"Petromyzontiformes"^^<http://www.w3.org/2001/XMLSchema#string>
<http://purl.org/phenoscape/uuid/2744b5fe-af13-4935-b0b7-33f04e57d312>	"0.03125460101055926"^^<http://www.w3.org/2001/XMLSchema#double>	<http://www.informatics.jax.org/marker/MGI:1336991>	"Trp73"^^<http://www.w3.org/2001/XMLSchema#string>	<http://purl.obolibrary.org/obo/VTO_0059175>	"Prohalecites"^^<http://www.w3.org/2001/XMLSchema#string>
<http://purl.org/phenoscape/uuid/0104e73b-efa1-455c-b435-e7e96beec512>	"0.10378078359964121"^^<http://www.w3.org/2001/XMLSchema#double>	<http://www.informatics.jax.org/marker/MGI:1336991>	"Trp73"^^<http://www.w3.org/2001/XMLSchema#string>	<http://purl.obolibrary.org/obo/VTO_0059181>	"Pachycormidae"^^<http://www.w3.org/2001/XMLSchema#string>
<http://purl.org/phenoscape/uuid/10c36232-a78b-4032-94f8-01c855f1b391>	"0.048749090400230344"^^<http://www.w3.org/2001/XMLSchema#double>	<http://www.informatics.jax.org/marker/MGI:1336991>	"Trp73"^^<http://www.w3.org/2001/XMLSchema#string>	<http://purl.obolibrary.org/obo/VTO_0060108>	"Dolichancistrus"^^<http://www.w3.org/2001/XMLSchema#string>
<http://purl.org/phenoscape/uuid/2fb18e6c-734d-47ed-9065-074abe214c22>	"0.19242485260752903"^^<http://www.w3.org/2001/XMLSchema#double>	<http://www.informatics.jax.org/marker/MGI:1336991>	"Trp73"^^<http://www.w3.org/2001/XMLSchema#string>	<http://purl.obolibrary.org/obo/VTO_0060937>	"Nemuroglanis"^^<http://www.w3.org/2001/XMLSchema#string>
<http://purl.org/phenoscape/uuid/1544d237-ddd2-46b0-bfec-a211dd01847b>	"0.028568702814090408"^^<http://www.w3.org/2001/XMLSchema#double>	<http://www.informatics.jax.org/marker/MGI:1336991>	"Trp73"^^<http://www.w3.org/2001/XMLSchema#string>	<http://purl.obolibrary.org/obo/VTO_0060972>	"Genus 2 (Bockmann 1998)"^^<http://www.w3.org/2001/XMLSchema#string>
<http://purl.org/phenoscape/uuid/1715ac47-3acb-4d87-b4d9-96f1a5a4739b>	"0.24540927156800943"^^<http://www.w3.org/2001/XMLSchema#double>	<http://www.informatics.jax.org/marker/MGI:1336991>	"Trp73"^^<http://www.w3.org/2001/XMLSchema#string>	<http://purl.obolibrary.org/obo/VTO_0062108>	"Sternarchorhynchus"^^<http://www.w3.org/2001/XMLSchema#string>
<http://purl.org/phenoscape/uuid/15a3b710-cc8b-4fda-9400-9dd494a1d756>	"0.0413317956302158"^^<http://www.w3.org/2001/XMLSchema#double>	<http://www.informatics.jax.org/marker/MGI:1336991>	"Trp73"^^<http://www.w3.org/2001/XMLSchema#string>	<http://purl.obolibrary.org/obo/VTO_0062285>	"Orthrias"^^<http://www.w3.org/2001/XMLSchema#string>
<http://purl.org/phenoscape/uuid/0def3310-fd52-4c54-bee1-05ad75290494>	"0.19655555657421891"^^<http://www.w3.org/2001/XMLSchema#double>	<http://www.informatics.jax.org/marker/MGI:1336991>	"Trp73"^^<http://www.w3.org/2001/XMLSchema#string>	<http://purl.obolibrary.org/obo/VTO_0066345>	"Paraclupeidae"^^<http://www.w3.org/2001/XMLSchema#string>
<http://purl.org/phenoscape/uuid/2788dd6b-374e-4ca5-938e-ea4cc6b022b5>	"0.1873005639216868"^^<http://www.w3.org/2001/XMLSchema#double>	<http://www.informatics.jax.org/marker/MGI:1336991>	"Trp73"^^<http://www.w3.org/2001/XMLSchema#string>	<http://purl.obolibrary.org/obo/VTO_0080318>	"Varasichthyidae"^^<http://www.w3.org/2001/XMLSchema#string>
<http://purl.org/phenoscape/uuid/1fd9e906-1174-4105-8447-9643e8a42fd2>	"0.16018015178280046"^^<http://www.w3.org/2001/XMLSchema#double>	<http://www.informatics.jax.org/marker/MGI:1336991>	"Trp73"^^<http://www.w3.org/2001/XMLSchema#string>	<http://purl.obolibrary.org/obo/VTO_9000792>	"Tetrapodomorpha"^^<http://www.w3.org/2001/XMLSchema#string>
<http://purl.org/phenoscape/uuid/136a0f7b-a33c-4c5c-966f-b46cc68f5b64>	"0.06067891113974648"^^<http://www.w3.org/2001/XMLSchema#double>	<http://www.informatics.jax.org/marker/MGI:1336991>	"Trp73"^^<http://www.w3.org/2001/XMLSchema#string>	<http://purl.obolibrary.org/obo/VTO_9005116>	"Pseudosuchia"^^<http://www.w3.org/2001/XMLSchema#string>
<http://purl.org/phenoscape/uuid/1dba7fe5-a2a6-48a0-8ac9-be4270f045fb>	"0.23009934914025962"^^<http://www.w3.org/2001/XMLSchema#double>	<http://www.informatics.jax.org/marker/MGI:1336991>	"Trp73"^^<http://www.w3.org/2001/XMLSchema#string>	<http://purl.obolibrary.org/obo/VTO_9008380>	"Palaeonisciformes"^^<http://www.w3.org/2001/XMLSchema#string>
<http://purl.org/phenoscape/uuid/25719f1c-8fea-4049-9c33-7f09664353f2>	"0.07368490180365266"^^<http://www.w3.org/2001/XMLSchema#double>	<http://www.informatics.jax.org/marker/MGI:1336991>	"Trp73"^^<http://www.w3.org/2001/XMLSchema#string>	<http://purl.obolibrary.org/obo/VTO_9010191>	"Sphenacodontidae"^^<http://www.w3.org/2001/XMLSchema#string>
<http://purl.org/phenoscape/uuid/16b23bf0-31e1-4c6b-8194-25956e03e4cb>	"0.14749265481515592"^^<http://www.w3.org/2001/XMLSchema#double>	<http://www.informatics.jax.org/marker/MGI:1336991>	"Trp73"^^<http://www.w3.org/2001/XMLSchema#string>	<http://purl.obolibrary.org/obo/VTO_9025686>	"Ornithurae"^^<http://www.w3.org/2001/XMLSchema#string>
<http://purl.org/phenoscape/uuid/26b32f2d-9aa9-497b-95e1-4fde2d14c405>	"0.12914343828975064"^^<http://www.w3.org/2001/XMLSchema#double>	<http://www.informatics.jax.org/marker/MGI:1336991>	"Trp73"^^<http://www.w3.org/2001/XMLSchema#string>	<http://purl.obolibrary.org/obo/VTO_9028537>	"Ungulata"^^<http://www.w3.org/2001/XMLSchema#string>
<http://purl.org/phenoscape/uuid/0d0a43f4-3f66-4a17-bfe1-9149267e1854>	"0.046897793475014174"^^<http://www.w3.org/2001/XMLSchema#double>	<http://www.informatics.jax.org/marker/MGI:1336991>	"Trp73"^^<http://www.w3.org/2001/XMLSchema#string>	<http://purl.obolibrary.org/obo/VTO_9010598>	"Stereospondylomorpha"^^<http://www.w3.org/2001/XMLSchema#string>
<http://purl.org/phenoscape/uuid/03a5cf85-6110-422a-a0e1-96921ed1198e>	"0.06258533725369518"^^<http://www.w3.org/2001/XMLSchema#double>	<http://www.informatics.jax.org/marker/MGI:1336991>	"Trp73"^^<http://www.w3.org/2001/XMLSchema#string>	<http://purl.obolibrary.org/obo/VTO_9012325>	"Pteraspidomorphi"^^<http://www.w3.org/2001/XMLSchema#string>
<http://purl.org/phenoscape/uuid/30593551-16eb-49f3-b8a1-c32e6565f2e8>	"0.03096849873901103"^^<http://www.w3.org/2001/XMLSchema#double>	<http://www.informatics.jax.org/marker/MGI:1336991>	"Trp73"^^<http://www.w3.org/2001/XMLSchema#string>	<http://purl.obolibrary.org/obo/VTO_9006145>	"Archosauromorpha"^^<http://www.w3.org/2001/XMLSchema#string>
<http://purl.org/phenoscape/uuid/06d1e3b9-c12a-4d1a-93d0-e38600f93084>	"0.07807869971990118"^^<http://www.w3.org/2001/XMLSchema#double>	<http://www.informatics.jax.org/marker/MGI:1336991>	"Trp73"^^<http://www.w3.org/2001/XMLSchema#string>	<http://purl.obolibrary.org/obo/VTO_9008244>	"Hongshanornithidae"^^<http://www.w3.org/2001/XMLSchema#string>
<http://purl.org/phenoscape/uuid/1d7dea7d-379f-4691-9c1c-978eb25b2194>	"0.07273924355221516"^^<http://www.w3.org/2001/XMLSchema#double>	<http://www.informatics.jax.org/marker/MGI:1336991>	"Trp73"^^<http://www.w3.org/2001/XMLSchema#string>	<http://purl.obolibrary.org/obo/VTO_9012956>	"Baptornis"^^<http://www.w3.org/2001/XMLSchema#string>
<http://purl.org/phenoscape/uuid/00e60933-ced7-42ba-8d2d-f165b1202d0f>	"0.07519540146398669"^^<http://www.w3.org/2001/XMLSchema#double>	<http://www.informatics.jax.org/marker/MGI:1336991>	"Trp73"^^<http://www.w3.org/2001/XMLSchema#string>	<http://purl.obolibrary.org/obo/VTO_9005032>	"Vulpavus"^^<http://www.w3.org/2001/XMLSchema#string>
<http://purl.org/phenoscape/uuid/13592d05-9b93-4a8a-b974-a5ee6ce59b90>	"0.029262953325560382"^^<http://www.w3.org/2001/XMLSchema#double>	<http://www.informatics.jax.org/marker/MGI:1336991>	"Trp73"^^<http://www.w3.org/2001/XMLSchema#string>	<http://purl.obolibrary.org/obo/VTO_9006276>	"Olsoniformes"^^<http://www.w3.org/2001/XMLSchema#string>
<http://purl.org/phenoscape/uuid/21ef57f0-f759-46fe-9313-f0e4f61dbb65>	"0.09315132586350311"^^<http://www.w3.org/2001/XMLSchema#double>	<http://www.informatics.jax.org/marker/MGI:1336991>	"Trp73"^^<http://www.w3.org/2001/XMLSchema#string>	<http://purl.obolibrary.org/obo/VTO_9017259>	"Caseasauria"^^<http://www.w3.org/2001/XMLSchema#string>
<http://purl.org/phenoscape/uuid/0609cf97-5e2e-43b1-b7c5-b3d76ee715a9>	"0.4355696053521025"^^<http://www.w3.org/2001/XMLSchema#double>	<http://www.informatics.jax.org/marker/MGI:1336991>	"Trp73"^^<http://www.w3.org/2001/XMLSchema#string>	<http://purl.obolibrary.org/obo/VTO_9021064>	"Cladodontomorphi"^^<http://www.w3.org/2001/XMLSchema#string>
<http://purl.org/phenoscape/uuid/0a2af036-e364-4f4d-98aa-cc1b427cee6e>	"0.07500496128175987"^^<http://www.w3.org/2001/XMLSchema#double>	<http://www.informatics.jax.org/marker/MGI:1336991>	"Trp73"^^<http://www.w3.org/2001/XMLSchema#string>	<http://purl.obolibrary.org/obo/VTO_9022400>	"Pelycosauria"^^<http://www.w3.org/2001/XMLSchema#string>
<http://purl.org/phenoscape/uuid/1372b611-4d7a-4ac6-b112-893f72f6d8b6>	"0.07731465893671755"^^<http://www.w3.org/2001/XMLSchema#double>	<http://www.informatics.jax.org/marker/MGI:1336991>	"Trp73"^^<http://www.w3.org/2001/XMLSchema#string>	<http://purl.obolibrary.org/obo/VTO_9006477>	"Cheirolepis"^^<http://www.w3.org/2001/XMLSchema#string>
<http://purl.org/phenoscape/uuid/1ffb4487-7e92-4a66-8640-d34a765d33f8>	"0.06258533725369518"^^<http://www.w3.org/2001/XMLSchema#double>	<http://www.informatics.jax.org/marker/MGI:1336991>	"Trp73"^^<http://www.w3.org/2001/XMLSchema#string>	<http://purl.obolibrary.org/obo/VTO_9030372>	"Stagonolepididae"^^<http://www.w3.org/2001/XMLSchema#string>
<http://purl.org/phenoscape/uuid/05ab38c6-3c0e-4f99-9004-1068425c8bb3>	"0.03948909661945435"^^<http://www.w3.org/2001/XMLSchema#double>	<http://www.informatics.jax.org/marker/MGI:1336991>	"Trp73"^^<http://www.w3.org/2001/XMLSchema#string>	<http://purl.obolibrary.org/obo/VTO_9010136>	"Haptodus"^^<http://www.w3.org/2001/XMLSchema#string>
<http://purl.org/phenoscape/uuid/0bc66fc5-4efb-4799-acea-1b3be216f570>	"0.11172012088209257"^^<http://www.w3.org/2001/XMLSchema#double>	<http://www.informatics.jax.org/marker/MGI:1336991>	"Trp73"^^<http://www.w3.org/2001/XMLSchema#string>	<http://purl.obolibrary.org/obo/VTO_9010140>	"Caseidae"^^<http://www.w3.org/2001/XMLSchema#string>
<http://purl.org/phenoscape/uuid/001b5a7d-8cf7-4f94-ba72-fe9fb9994307>	"0.0981229226966224"^^<http://www.w3.org/2001/XMLSchema#double>	<http://www.informatics.jax.org/marker/MGI:1336991>	"Trp73"^^<http://www.w3.org/2001/XMLSchema#string>	<http://purl.obolibrary.org/obo/VTO_9010558>	"Trematosauria"^^<http://www.w3.org/2001/XMLSchema#string>
<http://purl.org/phenoscape/uuid/11883349-7abe-46a2-89e7-c15bbec93a1c>	"0.024141889873839154"^^<http://www.w3.org/2001/XMLSchema#double>	<http://www.informatics.jax.org/marker/MGI:1336991>	"Trp73"^^<http://www.w3.org/2001/XMLSchema#string>	<http://purl.obolibrary.org/obo/VTO_9027667>	"Eutherapsida"^^<http://www.w3.org/2001/XMLSchema#string>
<http://purl.org/phenoscape/uuid/04dd3a94-12f9-448e-97aa-1b64c140519b>	"0.02540360530486737"^^<http://www.w3.org/2001/XMLSchema#double>	<http://www.informatics.jax.org/marker/MGI:1336991>	"Trp73"^^<http://www.w3.org/2001/XMLSchema#string>	<http://purl.obolibrary.org/obo/VTO_9012092>	"Furcacudiformes"^^<http://www.w3.org/2001/XMLSchema#string>
<http://purl.org/phenoscape/uuid/07f47a51-3d63-4386-9a8f-99db977adc4c>	"0.08596832382227781"^^<http://www.w3.org/2001/XMLSchema#double>	<http://www.informatics.jax.org/marker/MGI:1336991>	"Trp73"^^<http://www.w3.org/2001/XMLSchema#string>	<http://purl.obolibrary.org/obo/VTO_9015565>	"Gregoriidae"^^<http://www.w3.org/2001/XMLSchema#string>
<http://purl.org/phenoscape/uuid/09a35b0e-855f-4eb0-b061-3ed0bef1ef91>	"0.073009229753346"^^<http://www.w3.org/2001/XMLSchema#double>	<http://www.informatics.jax.org/marker/MGI:1336991>	"Trp73"^^<http://www.w3.org/2001/XMLSchema#string>	<http://purl.obolibrary.org/obo/VTO_9016974>	"Guildayichthyidae"^^<http://www.w3.org/2001/XMLSchema#string>
<http://purl.org/phenoscape/uuid/0b9ea7d5-8819-4049-9ff3-bc3cc7d68843>	"0.029262953325560382"^^<http://www.w3.org/2001/XMLSchema#double>	<http://www.informatics.jax.org/marker/MGI:1336991>	"Trp73"^^<http://www.w3.org/2001/XMLSchema#string>	<http://purl.obolibrary.org/obo/VTO_9016999>	"Eryopidae"^^<http://www.w3.org/2001/XMLSchema#string>
<http://purl.org/phenoscape/uuid/0392b5d5-ac33-4a6e-a04a-6caaa97652db>	"0.13898436222076854"^^<http://www.w3.org/2001/XMLSchema#double>	<http://www.informatics.jax.org/marker/MGI:1336991>	"Trp73"^^<http://www.w3.org/2001/XMLSchema#string>	<http://purl.obolibrary.org/obo/VTO_9021165>	"Microbrachomorpha"^^<http://www.w3.org/2001/XMLSchema#string>
